ID,IP,Result,Hostname
1,10.61.0.80,Failed :(,Failed
2,10.61.0.81,Failed :(,Failed
3,10.61.0.82,Failed :(,Failed
4,10.61.0.83,Failed :(,Failed
5,10.61.0.84,Failed :(,Failed
6,10.61.0.85,Failed :(,Failed
7,10.61.0.86,Failed :(,Failed
8,10.61.0.87,Failed :(,Failed
9,10.61.0.88,Failed :(,Failed
10,10.61.0.89,Failed :(,Failed
11,10.61.0.90,Failed :(,Failed
12,10.61.0.91,Failed :(,Failed
13,10.61.0.92,Failed :(,Failed
14,10.61.0.93,Passed!,"('think-of-pad', [], ['10.61.0.93'])"
15,10.61.0.94,Failed :(,Failed
16,10.61.0.95,Failed :(,Failed
